,word1,word2,prediction
0,abandon,frost,-0.9609904661774635
1,abandon,railroad,-0.8644067794084549
2,abortion,religion,-0.6403209269046783
3,abstract,candle,-0.9411066174507141
4,abstract,frog,-0.8503219932317734
5,abstract,moon,-0.8893131464719772
6,abstract,rally,-0.9950469136238098
7,abuse,abuse,-0.0
8,abuse,disorder,-0.7251181602478027
9,accommodate,adjust,-0.47213464975357056
10,accommodation,accommodation,-0.0
11,accompany,walking,-0.8452922999858856
12,account,explanation,-0.6940274834632874
13,account,invoice,-0.6971928477287292
14,act,improvement,-0.8516264408826828
15,action,adjustment,-0.7772278338670731
16,action,entrance,-0.9539097882807255
17,activity,solo,-0.8150821328163147
18,activity,variation,-0.7887531518936157
19,actor,amateur,-0.7619624137878418
20,ad,track,-0.9081844091415405
21,add,increased,-0.7025946974754333
22,add,string,-0.805060938000679
23,addition,segment,-0.8002407997846603
24,admitting,confess,-0.4790893793106079
25,adult,dentist,-0.8383186012506485
26,advance,advance,-0.0
27,advance,string,-0.9675589725375175
28,advice,recommendation,-0.4824497699737549
29,advised,murder,-0.965241901576519
30,aerial,clown,-0.8022246062755585
31,africa,territory,-0.9347770139575005
32,age,history,-0.7840512841939926
33,agency,police,-0.7110866606235504
34,aim,intending,-0.6148102283477783
35,air,cold,-0.6907731890678406
36,air,plasma,-0.7685271352529526
37,air,satellite,-0.7441481649875641
38,aircraft,fleet,-0.5043845176696777
39,aircraft,flight,-0.4243103265762329
40,aircraft,yacht,-0.6520794630050659
41,airplane,plane,-0.22642964124679565
42,ale,bitter,-0.7210795879364014
43,alley,street,-0.34706807136535645
44,aluminum,component,-0.7480404376983643
45,aluminum,imperative,-0.9184886738657951
46,american,lobster,-0.7805554568767548
47,ammunition,intolerable,-0.9025318175554276
48,amount,number,-0.6149547398090363
49,amounted,make,-0.7898815721273422
50,amusement,athletics,-0.81821309030056
51,amusement,procedure,-0.9137277826666832
52,anatomy,palm,-0.7698209434747696
53,ancient,city,-0.7544435262680054
54,angel,asphalt,-0.8343145251274109
55,angel,pod,-0.898494727909565
56,angrier,stormy,-0.7515555322170258
57,animal,asia,-0.8429382145404816
58,animal,flora,-0.6737641096115112
59,animal,giraffe,-0.47585099935531616
60,animal,mural,-0.7790042012929916
61,animal,wild,-0.5857291519641876
62,animal,worm,-0.6807478070259094
63,animal,zoo,-0.49274247884750366
64,anniversary,marriage,-0.6687626540660858
65,answering,counter,-0.8731549233198166
66,anxiety,insecurities,-0.5056342482566833
67,apartment,staircase,-0.5942100882530212
68,appliance,dryer,-0.5734638571739197
69,appreciate,see,-0.617883563041687
70,approach,avenue,-0.6767071783542633
71,approach,merit,-0.8093338459730148
72,approach,trench,-0.804216593503952
73,approval,encouragement,-0.6889318525791168
74,approving,interaction,-0.9451071694493294
75,aquarium,coin,-0.8668371737003326
76,arch,brick,-0.6715973317623138
77,arch,roof,-0.6778383255004883
78,architecture,urban,-0.6628016233444214
79,area,space,-0.6265836954116821
80,argument,evidence,-0.5579206049442291
81,arm,bicycle,-0.7694918811321259
82,arm,television,-0.8145130127668381
83,arrange,discard,-0.7545913755893707
84,arrange,study,-0.8725334852933884
85,arrangement,blizzard,-0.9785537254065275
86,arrangement,room,-0.722090095281601
87,art,craft,-0.5321088135242462
88,art,gem,-0.778420016169548
89,art,museum,-0.550682783126831
90,art,painting,-0.4595831632614136
91,article,cup,-0.8783425912261009
92,article,girl,-0.8848203495144844
93,ash,bone,-0.7266203463077545
94,ash,coil,-0.7724743336439133
95,asphalt,crane,-0.7976342439651489
96,asphalt,water,-0.7219409942626953
97,assets,exclude,-0.8955005630850792
98,association,organization,-0.54551962018013
99,association,realtor,-0.7600041627883911
100,asylum,dollar,-0.8884930685162544
101,asylum,shelter,-0.6621095836162567
102,athletics,racing,-0.6258216202259064
103,athletics,swimming,-0.5918820202350616
104,attempt,give,-0.7431056201457977
105,attempt,initiate,-0.6318829357624054
106,attitude,notice,-0.815300703048706
107,attitude,study,-0.8759186044335365
108,attorney,lawyer,-0.1631680130958557
109,auto,bright,-0.9084858894348145
110,automobile,fabric,-0.807418093085289
111,automobile,racing,-0.7094294428825378
112,autumn,foliage,-0.5554153025150299
113,autumn,hat,-0.8140742033720016
114,autumn,sunshine,-0.6377931833267212
115,autumn,winter,-0.3105236291885376
116,award,citation,-0.5869104862213135
117,baby,treat,-0.9028777554631233
118,back,lumbar,-0.7151282131671906
119,back,shifting,-0.7614312171936035
120,bacon,bread,-0.6131100356578827
121,bacon,pepper,-0.6525990962982178
122,bacon,salad,-0.6026811301708221
123,bacon,tomato,-0.6490922272205353
124,bacon,wild,-0.8418187499046326
125,bag,cop,-0.8278983682394028
126,bag,flag,-0.7946323901414871
127,bakery,cake,-0.5025297403335571
128,bakery,vehicle,-0.8514756709337234
129,balance,gauge,-0.8714953064918518
130,banana,salad,-0.659742683172226
131,band,guitar,-0.5827884674072266
132,band,metal,-0.5788313448429108
133,band,play,-0.8006300330162048
134,band,uniform,-0.7901892215013504
135,band,vinyl,-0.6766716837882996
136,bank,smell,-0.9320735707879066
137,bankruptcy,enterprise,-0.7738296538591385
138,bar,diner,-0.5980779230594635
139,bar,ship,-0.8640526533126831
140,bar,stair,-0.7519040703773499
141,bar,sushi,-0.7337563633918762
142,barn,food,-0.80594702064991
143,barrel,gallon,-0.5801178812980652
144,base,club,-0.8285437077283859
145,baseball,born,-0.9033989608287811
146,baseball,cactus,-0.8096821159124374
147,baseball,game,-0.5980518162250519
148,baseball,hockey,-0.49607741832733154
149,baseball,season,-0.7096938490867615
150,basket,dinner,-0.8035653829574585
151,basketball,lesson,-0.8531887978315353
152,basketball,squash,-0.6480085253715515
153,bat,bats,-0.250968873500824
154,bath,bedroom,-0.5092033743858337
155,bath,floor,-0.6936447620391846
156,bath,hot,-0.6914872527122498
157,bath,sleep,-0.6719576418399811
158,bathroom,chamber,-0.7889534384012222
159,bay,curve,-0.8239568471908569
160,bay,harbour,-0.4154777526855469
161,beach,cliff,-0.6055255234241486
162,beach,pebble,-0.5963959097862244
163,bead,chess,-0.838190108537674
164,bead,gold,-0.7501191049814224
165,bead,redhead,-0.8083580583333969
166,beam,column,-0.7901683300733566
167,beard,hair,-0.39241456985473633
168,beat,meter,-0.8487596660852432
169,bed,candy,-0.8332275748252869
170,bed,floor,-0.5905746519565582
171,bed,furniture,-0.6210326254367828
172,bed,layer,-0.7865288406610489
173,bed,pillow,-0.3872668147087097
174,bed,relax,-0.7313293516635895
175,bed,sitting,-0.6999595761299133
176,bed,staircase,-0.7382464706897736
177,bedroom,canyon,-0.7851668745279312
178,bedroom,ceiling,-0.6437012851238251
179,bedroom,cell,-0.7946057021617889
180,bedroom,construction,-0.8838187530636787
181,bedroom,door,-0.6460605263710022
182,bedroom,downtown,-0.7822983711957932
183,bedroom,room,-0.41243112087249756
184,bedroom,stair,-0.6691572964191437
185,bedroom,staircase,-0.5710553228855133
186,beef,chicken,-0.42582428455352783
187,beef,lamb,-0.48181813955307007
188,beef,pepper,-0.6829892098903656
189,beef,potato,-0.620437353849411
190,beer,patio,-0.6394455134868622
191,beer,wild,-0.8308111131191254
192,being,characters,-0.8500005155801773
193,believe,week,-0.9551662504673004
194,belly,black,-0.755479484796524
195,belly,dance,-0.7527622282505035
196,belly,dark,-0.7464858889579773
197,belly,field,-0.9602001123130322
198,belly,stripe,-0.8092427253723145
199,bench,game,-0.7661184072494507
200,benefited,get,-0.8712504506111145
201,bent,double,-0.82149238884449
202,bent,inclination,-0.6864398419857025
203,berlin,germany,-0.25797039270401
204,berry,blossom,-0.6292460560798645
205,berry,bright,-0.7934484630823135
206,berry,dessert,-0.6062602698802948
207,berry,ivy,-0.6207447648048401
208,berry,raspberry,-0.3409687876701355
209,berry,seed,-0.6961577236652374
210,berry,sweet,-0.6634434759616852
211,bias,prejudice,-0.43644315004348755
212,bible,misty,-0.9496373608708382
213,bicycle,green,-0.7429173588752747
214,bigger,large,-0.4987642168998718
215,bike,chopper,-0.6066916584968567
216,bikini,ivy,-0.8405055999755859
217,bin,cup,-0.7677977532148361
218,bird,cock,-0.6796986758708954
219,bird,dragonfly,-0.4805701971054077
220,bird,flamingo,-0.4549216032028198
221,bird,goose,-0.4781906008720398
222,bird,insect,-0.5381949543952942
223,bird,reptile,-0.5548003315925598
224,bird,shade,-0.8293220698833466
225,bird,solid,-0.9191104397177696
226,bishop,priest,-0.34422314167022705
227,bishop,radical,-0.8451502174139023
228,bishop,wine,-0.8265319913625717
229,bit,curb,-0.8207623064517975
230,bit,tool,-0.8078218251466751
231,bitter,taste,-0.6074281930923462
232,black,blue,-0.3794994354248047
233,black,bright,-0.6288671493530273
234,black,brown,-0.3373512625694275
235,black,cigarette,-0.7931346595287323
236,black,juvenile,-0.7835962176322937
237,black,skirt,-0.7372948527336121
238,black,white,-0.10093897581100464
239,blast,smashing,-0.6028204262256622
240,blaze,pig,-0.8786592856049538
241,blessing,patronage,-0.6877169609069824
242,blizzard,rash,-0.8271481096744537
243,block,hinder,-0.7025079727172852
244,blonde,haircut,-0.6107256412506104
245,blonde,wig,-0.542561799287796
246,bloom,flower,-0.34358590841293335
247,bloom,friend,-0.9155264794826508
248,bloom,plant,-0.5623737871646881
249,bloom,purple,-0.6889520585536957
250,blossom,bud,-0.47900891304016113
251,blossom,cherry,-0.598422110080719
252,blossom,daisy,-0.5688003897666931
253,blossom,foliage,-0.6185949146747589
254,blossom,orange,-0.6962559819221497
255,blossom,petal,-0.5036234855651855
256,blossom,purple,-0.7059544622898102
257,blow,contact,-0.8486362099647522
258,blow,swat,-0.6919061243534088
259,blowing,smoking,-0.6988492012023926
260,blue,colour,-0.507863312959671
261,blue,happy,-0.7645236551761627
262,blue,report,-0.9335775077342987
263,blue,shade,-0.6035162210464478
264,blue,skirt,-0.7588473558425903
265,blues,rhythm,-0.6069180369377136
266,blur,focus,-0.6196190416812897
267,blur,metro,-0.9128688871860504
268,board,deal,-0.8765491917729378
269,boardwalk,park,-0.5584826171398163
270,boast,complain,-0.7307973802089691
271,boat,negro,-0.8710753917694092
272,boat,shore,-0.40367335081100464
273,bold,forward,-0.7632740885019302
274,bold,leader,-0.7733721882104874
275,bone,skull,-0.4590263366699219
276,book,building,-0.8331503123044968
277,book,smoking,-0.8619301021099091
278,booklet,reference,-0.7647764980792999
279,boot,kick,-0.63565394282341
280,boot,punch,-0.8354294151067734
281,bootleg,produce,-0.8562387675046921
282,bootleg,whiskey,-0.6790808737277985
283,born,construction,-0.934810221195221
284,born,mother,-0.6263372004032135
285,born,subway,-0.9336337372660637
286,bottle,wine,-0.401191771030426
287,bound,line,-0.8750833421945572
288,bound,skirt,-0.8650748282670975
289,bowling,wheel,-0.7874395698308945
290,boxer,stair,-0.8377953469753265
291,boxing,hit,-0.895134449005127
292,boy,hand,-0.8019957542419434
293,boy,live,-0.8610844314098358
294,bracelet,jewelry,-0.37818342447280884
295,bracelet,mountain,-0.928615041077137
296,brain,head,-0.6502202749252319
297,brake,click,-0.7927802950143814
298,branch,tea,-0.8150338530540466
299,brass,executive,-0.8002246022224426
300,brazil,nut,-0.6900719106197357
301,brazil,triple,-0.8745471984148026
302,bread,bun,-0.5657094419002533
303,bread,cooking,-0.7095342576503754
304,bread,cover,-0.9062522128224373
305,bread,dessert,-0.6492595374584198
306,bread,egg,-0.6797839105129242
307,bread,medicine,-0.8066355735063553
308,break,glittering,-0.8587443828582764
309,break,scattered,-0.8525145202875137
310,breakfast,diner,-0.5255204737186432
311,breakfast,evening,-0.6195260882377625
312,breakfast,lunch,-0.3746507167816162
313,breakfast,makeup,-0.8379100859165192
314,breakfast,morning,-0.4010668396949768
315,breakfast,people,-0.8631798177957535
316,breakfast,relax,-0.7920276075601578
317,brick,cement,-0.5242165923118591
318,brick,construction,-0.6888027489185333
319,brick,skyscraper,-0.6497990787029266
320,bride,photographer,-0.5840596556663513
321,bright,dark,-0.48255568742752075
322,bright,fruit,-0.7843609005212784
323,bright,mist,-0.7997898459434509
324,bright,raspberry,-0.7483794391155243
325,bright,shade,-0.706822544336319
326,bright,sky,-0.593540608882904
327,bring,presenting,-0.7506462633609772
328,bring,return,-0.5984084010124207
329,broadcast,packet,-0.7665385007858276
330,bronze,sculpture,-0.4871412515640259
331,bronze,suspicion,-0.957756083458662
332,brown,green,-0.4181768298149109
333,brown,hawk,-0.7495155930519104
334,brown,purple,-0.4234985113143921
335,brown,white,-0.3419707417488098
336,brussels,sweden,-0.6064539551734924
337,bucket,water,-0.5812455415725708
338,bud,flower,-0.4916810989379883
339,bud,ivy,-0.6916875541210175
340,budget,fund,-0.634562224149704
341,budget,scale,-0.7983284741640091
342,bug,insect,-0.5023840069770813
343,building,cafe,-0.6989083886146545
344,building,construction,-0.4416884779930115
345,building,downtown,-0.6516973674297333
346,building,floor,-0.6944629848003387
347,building,ministry,-0.7828801572322845
348,building,tall,-0.7624157816171646
349,building,zombie,-0.9187120944261551
350,burger,cooking,-0.7441380620002747
351,burger,dessert,-0.6567405760288239
352,burger,salad,-0.48939448595046997
353,burger,soup,-0.6769146919250488
354,burn,fire,-0.43181276321411133
355,burn,ripple,-0.8350493907928467
356,bus,rail,-0.5843299627304077
357,business,railway,-0.7259413003921509
358,butter,stick,-0.6370182931423187
359,butterfly,caterpillar,-0.3868263363838196
360,butterfly,dragonfly,-0.24889105558395386
361,butterfly,glittering,-0.7528961151838303
362,button,sticker,-0.7444948852062225
363,cafe,child,-0.9004254713654518
364,cafe,coffee,-0.4152858853340149
365,cafe,dinner,-0.6503804326057434
366,cafe,donut,-0.6211986839771271
367,cafe,lunch,-0.5018967092037201
368,cafe,pub,-0.4554077386856079
369,cafe,reflection,-0.8331049382686615
370,cafe,relax,-0.7915357947349548
371,cafe,shop,-0.4555632472038269
372,cafe,spiral,-0.8704843521118164
373,cake,christmas,-0.7484383881092072
374,call,meeting,-0.7644360363483429
375,call,statement,-0.7609057873487473
376,call,telephone,-0.5801741480827332
377,camel,desert,-0.5485528409481049
378,camp,camp,-0.0
379,campaign,conspiracy,-0.7850781828165054
380,can,sketch,-0.9564156718552113
381,candidate,republic,-0.8060691803693771
382,canine,dog,-0.25787490606307983
383,canyon,landscape,-0.6879800856113434
384,canyon,river,-0.5049117803573608
385,car,insurance,-0.5836386382579803
386,car,pig,-0.8095291703939438
387,car,skull,-0.8154196739196777
388,card,playing,-0.7521766573190689
389,card,see,-0.8961378112435341
390,carrier,carrier,-0.0
391,carrier,traveler,-0.7099807858467102
392,carrier,vehicle,-0.6920580267906189
393,carrot,memorial,-0.9503189958631992
394,carrot,salad,-0.6024172008037567
395,cart,wagon,-0.5714689195156097
396,cartoon,wit,-0.8322561681270599
397,case,clients,-0.8071951270103455
398,cast,cast,-0.0
399,cast,shoot,-0.768674686551094
400,castle,patio,-0.779913067817688
401,castle,ruin,-0.7050144970417023
402,cat,garden,-0.7544074952602386
403,catch,catching,-0.2233380675315857
404,catch,hooks,-0.7095780074596405
405,catching,perceive,-0.8389077484607697
406,catching,playing,-0.621150553226471
407,category,flavor,-0.8254687041044235
408,catering,loan,-0.914537638425827
409,caterpillar,paint,-0.8163499385118484
410,cathedral,step,-0.8363649398088455
411,cattle,goat,-0.48479777574539185
412,cattle,web,-0.9751748945564032
413,cautious,film,-0.9500511959195137
414,ceiling,marble,-0.6513980627059937
415,ceiling,mug,-0.8890321850776672
416,ceiling,room,-0.5654694736003876
417,ceiling,staircase,-0.5285371541976929
418,ceiling,wall,-0.4219522476196289
419,cell,membrane,-0.5762201547622681
420,cemetery,grave,-0.39357930421829224
421,cemetery,memorial,-0.42587530612945557
422,center,center,-0.0
423,center,refer,-0.9072786942124367
424,century,period,-0.6307436227798462
425,century,temperature,-0.823979988694191
426,ceramic,floor,-0.7851759791374207
427,chance,fortune,-0.7251002192497253
428,chance,opportunity,-0.3276815414428711
429,chance,ring,-0.8502009212970734
430,change,laundering,-0.8627886921167374
431,change,transforming,-0.6302708685398102
432,change,yielding,-0.8406165540218353
433,channel,sound,-0.7923440635204315
434,chaos,death,-0.733742892742157
435,chapel,porch,-0.6590407192707062
436,chapel,ruin,-0.8187492489814758
437,charcoal,fuel,-0.6380122303962708
438,charge,damage,-0.7800183743238449
439,charge,sentence,-0.8261361718177795
440,checked,checked,-0.0
441,cheer,musician,-0.9318376183509827
442,cheese,food,-0.6589609682559967
443,cheetah,flame,-0.8158571124076843
444,chemical,intermediate,-0.7628200501203537
445,chemistry,patient,-0.8641930818557739
446,cherry,fruit,-0.5549462139606476
447,cherry,grape,-0.5432839393615723
448,cherry,lamb,-0.8042729943990707
449,cherry,meat,-0.8112697005271912
450,cherry,orange,-0.5891365110874176
451,cherry,raspberry,-0.4258881211280823
452,chess,family,-0.8857096433639526
453,chess,toy,-0.7680730819702148
454,chicken,lamb,-0.4984707832336426
455,chicken,poultry,-0.27824026346206665
456,chief,guru,-0.6262035667896271
457,child,lad,-0.6696752309799194
458,child,street,-0.8217926770448685
459,chile,plate,-0.8278118073940277
460,chocolate,rock,-0.798344075679779
461,choice,option,-0.4269331097602844
462,chopper,poppy,-0.7435028553009033
463,chord,play,-0.8072011023759842
464,christmas,valentine,-0.5408762097358704
465,church,porch,-0.669258326292038
466,church,temple,-0.5602571666240692
467,circle,oval,-0.5300038754940033
468,circle,sport,-0.8649917989969254
469,city,round,-0.9087420254945755
470,city,ruin,-0.8147074431180954
471,city,sidewalk,-0.6811311841011047
472,city,square,-0.6947450339794159
473,city,urban,-0.49556785821914673
474,class,sex,-0.839706227183342
475,cliff,coast,-0.5974645912647247
476,cliff,harbour,-0.7357166409492493
477,cliff,waterfall,-0.5441937446594238
478,clinic,session,-0.6940090656280518
479,clock,timer,-0.44637835025787354
480,close,short,-0.6949947476387024
481,closed,closed,-0.0
482,closed,state,-0.83623206615448
483,closed,up,-0.7425781190395355
484,closing,closing,-0.0
485,closing,finale,-0.7450175881385803
486,clothes,short,-0.8877805843949318
487,cloud,energy,-0.8039984405040741
488,club,hockey,-0.7033911049365997
489,club,shirt,-0.6895467936992645
490,clubhouse,pop,-0.8831240609288216
491,clue,parish,-0.8707682490348816
492,coast,scenery,-0.6806924939155579
493,coast,sunk,-0.7243285775184631
494,coast,zebra,-0.8742687553167343
495,coat,resurfacing,-0.9015403613448143
496,coat,roof,-0.7401935756206512
497,cock,penis,-0.4250030517578125
498,cocktail,garage,-0.8658265918493271
499,cocktail,restaurant,-0.6721346974372864
500,coffee,meeting,-0.7190505862236023
501,coffee,tea,-0.3099265694618225
502,coin,gold,-0.5594481527805328
503,coin,silver,-0.5676205456256866
504,coin,ticket,-0.7954145669937134
505,cold,mist,-0.6800769865512848
506,cold,rain,-0.6113359332084656
507,cold,silver,-0.8023079335689545
508,cold,sunny,-0.5485925078392029
509,cold,sunshine,-0.6370055675506592
510,cold,water,-0.6687219142913818
511,cold,weather,-0.5363592803478241
512,cold,winter,-0.420917809009552
513,coldness,cool,-0.7182240188121796
514,collage,exhibition,-0.6205761134624481
515,collage,paint,-0.6322669386863708
516,collage,sculpture,-0.5530817210674286
517,collage,stream,-0.848256453871727
518,collapse,shock,-0.6822725236415863
519,collar,tiger,-0.673383891582489
520,collect,collect,-0.0
521,collect,scrape,-0.6110759079456329
522,collection,library,-0.6151095330715179
523,collection,packet,-0.865134984254837
524,color,quality,-0.6991928815841675
525,color,wash,-0.720291942358017
526,colorful,outfit,-0.7520087659358978
527,colorful,shot,-0.8294823467731476
528,colorful,toy,-0.751478374004364
529,colorful,wood,-0.8518400937318802
530,colors,emblem,-0.7081217169761658
531,colour,grey,-0.4664303660392761
532,colour,shade,-0.5380037426948547
533,comfort,relief,-0.6217275559902191
534,comment,mention,-0.6990114450454712
535,commercial,manufacture,-0.7167358100414276
536,commitment,guarantee,-0.6670437455177307
537,communication,theater,-0.8671043217182159
538,compact,short,-0.6739080250263214
539,company,distributor,-0.6218459010124207
540,compartment,stalls,-0.7983365952968597
541,compatible,software,-0.7009693086147308
542,competes,race,-0.8012907803058624
543,compound,enhance,-0.8446550667285919
544,compound,whole,-0.8634084314107895
545,computer,lab,-0.6494121253490448
546,computer,number,-0.8199423849582672
547,computer,platform,-0.8641155809164047
548,computer,railway,-0.8283239156007767
549,concentration,focus,-0.6016520261764526
550,concert,jazz,-0.6673595607280731
551,concert,sing,-0.6116490960121155
552,concerts,settle,-0.9776743147522211
553,conclusion,judgment,-0.6469314396381378
554,conclusion,situation,-0.7392654120922089
555,concoct,request,-0.8446947932243347
556,concrete,interior,-0.7766275107860565
557,concrete,pin,-0.895447812974453
558,cone,palm,-0.7870313972234726
559,congress,sex,-0.856223002076149
560,connection,keyboard,-0.8295391649007797
561,consequences,position,-0.8772549778223038
562,consistency,phase,-0.8289107829332352
563,construction,downtown,-0.7377347946166992
564,construction,interior,-0.6543880999088287
565,contact,print,-0.8654258251190186
566,control,driving,-0.762551948428154
567,cooking,dessert,-0.6771034896373749
568,cooking,eat,-0.678734689950943
569,cooking,food,-0.49656742811203003
570,cooking,frozen,-0.8271740078926086
571,cooking,salad,-0.7089037895202637
572,cool,cool,-0.0
573,cool,jazz,-0.7735293656587601
574,cool,state,-0.9247196465730667
575,cop,dirty,-0.784780964255333
576,cop,music,-0.8538737446069717
577,cop,ruin,-0.8770709708333015
578,cord,eclipse,-0.8829802200198174
579,corn,pepper,-0.6630810797214508
580,cost,price,-0.4201146364212036
581,costume,halloween,-0.44635456800460815
582,costume,radiation,-0.8982034400105476
583,cottage,patio,-0.6424025595188141
584,council,minister,-0.6607943773269653
585,count,investigation,-0.9335844442248344
586,count,number,-0.5311771631240845
587,counter,furniture,-0.8731909394264221
588,counter,negative,-0.7855308204889297
589,couple,family,-0.658574253320694
590,couple,makeup,-0.9245016351342201
591,couple,race,-0.9115704819560051
592,cousin,relation,-0.7272540926933289
593,cover,feather,-0.8334490656852722
594,cover,sleeve,-0.70173180103302
595,covering,skin,-0.8297514617443085
596,cowboys,ranch,-0.5230095088481903
597,crack,cracking,-0.2733975052833557
598,cracking,noise,-0.7748161107301712
599,cracking,sound,-0.7561661303043365
600,craft,game,-0.8244131952524185
601,crane,stair,-0.6851714849472046
602,crash,swing,-0.8192016035318375
603,creation,stitch,-0.7917999774217606
604,credit,flap,-0.8641794323921204
605,credit,foundation,-0.845771536231041
606,crew,unit,-0.8287358283996582
607,critic,reviewers,-0.49361342191696167
608,crochet,family,-0.8759277015924454
609,crochet,jewelry,-0.6561703979969025
610,crochet,knitting,-0.2961716651916504
611,cross,mug,-0.8910499513149261
612,cross,post,-0.831910714507103
613,cross,pub,-0.8864295408129692
614,cross,shopping,-0.8345009386539459
615,crush,push,-0.6562035381793976
616,crush,split,-0.7657543867826462
617,crystal,spiral,-0.7035536766052246
618,cube,dice,-0.6567018330097198
619,cup,handbag,-0.7900574207305908
620,curb,smother,-0.6861351430416107
621,curb,train,-0.8013429641723633
622,current,flow,-0.7361521124839783
623,cut,gore,-0.8175086677074432
624,cute,fashion,-0.7815064638853073
625,cute,friend,-0.7702789753675461
626,cute,fun,-0.48722976446151733
627,cute,haircut,-0.7256289720535278
628,cylinder,pen,-0.7501121461391449
629,daisy,foliage,-0.7046742737293243
630,daisy,grass,-0.6894793808460236
631,daisy,petal,-0.4433988928794861
632,dance,hotel,-0.8203973770141602
633,dandelion,foliage,-0.6582860350608826
634,dandelion,grass,-0.5204038321971893
635,dandelion,petal,-0.5368674695491791
636,danger,status,-0.8148269355297089
637,dark,flamingo,-0.9098156169056892
638,dark,pod,-0.8578882962465286
639,dark,white,-0.5735464096069336
640,dashboard,protection,-0.8824025541543961
641,daughter,graphic,-0.9133333340287209
642,daughter,pub,-0.9097165018320084
643,dawn,day,-0.5706100463867188
644,day,glide,-0.9280923008918762
645,day,horse,-0.8087394386529922
646,day,independence,-0.7998754531145096
647,day,night,-0.3964307904243469
648,day,sunny,-0.6041463911533356
649,day,sunset,-0.6543771624565125
650,day,weather,-0.6711413264274597
651,dead,sidewalk,-0.7816186547279358
652,deaf,people,-0.7740372121334076
653,death,funeral,-0.5541400611400604
654,decision,option,-0.6851919889450073
655,decoration,tulip,-0.7345555126667023
656,defeat,ending,-0.7350964546203613
657,defeated,people,-0.9327523037791252
658,degree,quantity,-0.7423751056194305
659,demand,supply,-0.41786617040634155
660,demolition,interior,-0.8034572601318359
661,demolition,skyscraper,-0.6027751863002777
662,demolition,tall,-0.9043684378266335
663,desert,mountain,-0.5742396116256714
664,deserve,merit,-0.5256992876529694
665,deserve,want,-0.5319608449935913
666,design,graphic,-0.5557348430156708
667,design,orange,-0.8032859265804291
668,designation,recognition,-0.5658791959285736
669,designs,intend,-0.8632121384143829
670,dessert,head,-0.9222112968564034
671,dessert,salad,-0.456947386264801
672,determination,selection,-0.7749035805463791
673,development,twist,-0.905264787375927
674,diamond,parade,-0.8774679377675056
675,diamond,short,-0.8738889545202255
676,diamond,stencil,-0.7803488373756409
677,difficulty,problem,-0.5222518742084503
678,digit,toe,-0.6886073052883148
679,dilute,market,-0.8589105308055878
680,dinner,sitting,-0.7544037997722626
681,dinner,sleep,-0.7336736023426056
682,direction,direction,-0.0
683,direction,traveling,-0.7548730969429016
684,dirt,racing,-0.7690474987030029
685,dirt,road,-0.6116223335266113
686,dirt,sand,-0.46844011545181274
687,dirty,dude,-0.7525518983602524
688,dirty,rabbit,-0.8796265497803688
689,dirty,washing,-0.5706774592399597
690,discharge,spread,-0.8512288480997086
691,discipline,discipline,-0.0
692,disk,dot,-0.7694946080446243
693,display,stick,-0.8160610198974609
694,dissipate,isolate,-0.6895270049571991
695,distinction,sword,-0.8095595985651016
696,distinguish,medal,-0.9154787138104439
697,distinguish,sex,-0.9330598264932632
698,disturbance,upset,-0.6380591094493866
699,diversion,skiing,-0.8853945657610893
700,dock,herb,-0.8796351328492165
701,dog,husky,-0.5170074999332428
702,dog,secretary,-0.8873506560921669
703,doll,new,-0.8536927998065948
704,dome,interior,-0.5961177945137024
705,dome,uniform,-0.827760174870491
706,donut,panda,-0.7957358062267303
707,door,interior,-0.7138397097587585
708,door,porch,-0.5747143030166626
709,door,room,-0.6015656590461731
710,downtown,field,-0.8922812566161156
711,downtown,hockey,-0.7722400426864624
712,downtown,ruin,-0.8651703894138336
713,downtown,shopping,-0.6039701402187347
714,downtown,subway,-0.568745881319046
715,drag,drawing,-0.7798672616481781
716,dragon,drop,-0.9124277532100677
717,dragonfly,frog,-0.4564746022224426
718,dragonfly,insect,-0.38049113750457764
719,draw,draw,-0.0
720,draw,entertainer,-0.8619665205478668
721,dress,match,-0.7762223035097122
722,dress,neckline,-0.46879225969314575
723,dress,outfit,-0.4128602147102356
724,dressing,patch,-0.8096972405910492
725,drill,implement,-0.7630031555891037
726,drink,turn,-0.8140420168638229
727,dripping,hot,-0.5973809063434601
728,dripping,round,-0.9010848701000214
729,dripping,wet,-0.49344170093536377
730,drive,drive,-0.0
731,drive,operate,-0.6525885760784149
732,drop,drop,-0.0
733,drop,measure,-0.785025492310524
734,drop,sink,-0.6605501472949982
735,dropping,dropping,-0.0
736,drought,time,-0.836057260632515
737,drug,reflection,-0.9648661911487579
738,drug,sing,-0.9213044568896294
739,drug,wolf,-0.8765000551939011
740,dude,fun,-0.7766809612512589
741,dude,hanging,-0.8132739216089249
742,dude,sitting,-0.8251520544290543
743,dude,smile,-0.7870547324419022
744,dusk,hummingbird,-0.7915595322847366
745,dusk,misty,-0.5004001259803772
746,dye,kiss,-0.9339429438114166
747,eagle,feather,-0.6047735512256622
748,ear,organ,-0.6488224565982819
749,earn,make,-0.6139282286167145
750,ease,relaxation,-0.6304118633270264
751,ease,rest,-0.701590359210968
752,east,israel,-0.7197355926036835
753,easter,preference,-1.008028301410377
754,eat,rabbit,-0.7626216560602188
755,eat,soup,-0.6381891965866089
756,eat,truck,-0.8283083438873291
757,educated,learned,-0.6839145720005035
758,effects,effects,-0.0
759,egg,lego,-0.7367312908172607
760,egg,nest,-0.5141508281230927
761,egg,white,-0.7102525234222412
762,eight,movement,-0.9350141957402229
763,element,mixture,-0.7215089499950409
764,element,situation,-0.8182419389486313
765,elephant,giraffe,-0.39767736196517944
766,emission,gum,-0.8725427240133286
767,endeavor,worst,-0.9135654047131538
768,enemy,strike,-0.7298296093940735
769,enforcing,execute,-0.7708545029163361
770,engine,gasoline,-0.6105915009975433
771,engineering,technology,-0.5069283246994019
772,english,french,-0.33879947662353516
773,enhanced,increased,-0.33892399072647095
774,enjoy,suffering,-0.8402002602815628
775,enterprise,industry,-0.6253312826156616
776,entrance,registration,-0.737309455871582
777,equipment,seat,-0.8930590897798538
778,escalator,railway,-0.6823037564754486
779,escalator,redhead,-0.8454237878322601
780,establishment,establishment,-0.0
781,evaluate,forecast,-0.7926304042339325
782,evening,fun,-0.7100193500518799
783,evening,night,-0.2399560809135437
784,evening,time,-0.6640135049819946
785,event,influence,-0.9110094383358955
786,evidence,format,-0.8923752829432487
787,evidence,record,-0.6715991497039795
788,evil,worst,-0.6703878045082092
789,evolution,publicity,-0.9300181791186333
790,examination,quiz,-0.6720902025699615
791,executive,organization,-0.6406813859939575
792,exhibit,parade,-0.7648447901010513
793,exhibition,painting,-0.6247459650039673
794,exhibition,soup,-0.8814201056957245
795,expect,think,-0.5089126527309418
796,expectation,possibility,-0.6490415930747986
797,expedition,mystery,-0.8196393996477127
798,explosion,stencil,-0.8890897184610367
799,express,mail,-0.8339270353317261
800,extending,increase,-0.7124387323856354
801,extort,school,-0.9890029635280371
802,eye,face,-0.6850543320178986
803,eye,lip,-0.6461358070373535
804,eye,sky,-0.6741532683372498
805,fabric,lace,-0.554589033126831
806,fabric,sail,-0.7660274654626846
807,face,stop,-0.8213461488485336
808,face,tear,-0.7228234112262726
809,fair,midway,-0.7252126634120941
810,family,town,-0.6993216872215271
811,fantasy,fiction,-0.38718098402023315
812,fantasy,recycling,-0.9243758097290993
813,farm,wind,-0.828920379281044
814,farmer,individual,-0.8244782239198685
815,fashion,handwriting,-0.9229769110679626
816,fashion,outfit,-0.5668918192386627
817,fauna,toy,-0.8932479545474052
818,fbi,investigation,-0.5851848721504211
819,fear,fear,-0.0
820,feather,flamingo,-0.651408851146698
821,feather,grey,-0.7250051200389862
822,feather,hummingbird,-0.5733399093151093
823,feather,mallard,-0.5958935916423798
824,feather,nest,-0.5578922927379608
825,feather,sunflower,-0.6979101300239563
826,feedback,flow,-0.7998824864625931
827,feel,friend,-0.8846301063895226
828,feel,stop,-0.7806517481803894
829,feel,tear,-0.839154988527298
830,feline,kitten,-0.31013864278793335
831,feline,kitty,-0.29355210065841675
832,feline,nut,-0.9047435745596886
833,feline,pumpkin,-0.738560676574707
834,feline,reptile,-0.5946898758411407
835,female,old,-0.7774242460727692
836,female,square,-0.8903592675924301
837,festival,gate,-0.7259810268878937
838,festival,music,-0.6192810833454132
839,fiction,romance,-0.5339532494544983
840,field,handle,-0.8650606572628021
841,field,play,-0.8197033852338791
842,field,science,-0.675812691450119
843,fighting,resist,-0.742082267999649
844,filing,formations,-0.8661081045866013
845,filled,filled,-0.0
846,find,occurrence,-0.8562918603420258
847,fine,precise,-0.7576822489500046
848,finger,toe,-0.5646063089370728
849,fingerprint,football,-0.9236390516161919
850,fire,flame,-0.3413836359977722
851,fish,fishing,-0.33172285556793213
852,fishing,shore,-0.5948423147201538
853,fishing,word,-0.9077238813042641
854,five,month,-0.73545241355896
855,flame,peacock,-0.7334019541740417
856,flame,reaction,-0.7735315412282944
857,flat,housing,-0.7563171982765198
858,fleet,travel,-0.8526487350463867
859,flight,plane,-0.33552271127700806
860,flight,shoot,-0.8284317553043365
861,flood,flood,-0.0
862,flood,line,-0.9069875255227089
863,floor,interior,-0.7405790984630585
864,floor,stair,-0.5381765961647034
865,flour,garlic,-0.654221773147583
866,flower,foliage,-0.4972500205039978
867,flower,garden,-0.4811215400695801
868,flower,lily,-0.41279804706573486
869,flower,petal,-0.27295786142349243
870,flower,spring,-0.6520620584487915
871,flower,yellow,-0.6170575320720673
872,flush,good,-0.8655917644500732
873,flyer,justice,-0.9535029195249081
874,fog,mist,-0.2944384813308716
875,fog,sunny,-0.6967463195323944
876,foliage,fruit,-0.6239090263843536
877,foliage,garden,-0.5684453547000885
878,foliage,moss,-0.5146940350532532
879,foliage,pink,-0.7645953744649887
880,foliage,purple,-0.6870566010475159
881,foliage,violet,-0.6635298132896423
882,followed,tailgate,-0.9189089238643646
883,follower,planet,-0.9028889536857605
884,follower,satellite,-0.9728226028382778
885,food,medium,-0.8902053534984589
886,foot,mural,-0.8442410826683044
887,foot,outdoor,-0.8053136616945267
888,foot,toe,-0.43488627672195435
889,football,justice,-0.881617933511734
890,footprint,scooter,-0.9093949794769287
891,ford,valley,-0.6347481608390808
892,foreign,nation,-0.7311590909957886
893,forest,frog,-0.7320945560932159
894,forest,ground,-0.7241372466087341
895,format,packaging,-0.7406086921691895
896,formation,perceive,-0.9087872579693794
897,formation,perform,-0.8904929831624031
898,forward,player,-0.8021191507577896
899,forward,position,-0.7159406244754791
900,forward,transport,-0.8265128582715988
901,foundation,support,-0.6712830662727356
902,fountain,marble,-0.5967273414134979
903,free,skin,-0.867952898144722
904,frost,lily,-0.6481025815010071
905,frost,weather,-0.6397401392459869
906,frozen,shop,-0.849185049533844
907,frozen,soup,-0.7192778587341309
908,fruit,orange,-0.6125050783157349
909,fruit,product,-0.793829083442688
910,fruit,strawberry,-0.4393022656440735
911,fruit,sunflower,-0.6994045078754425
912,fun,haircut,-0.8777290508151054
913,fun,happy,-0.6098031997680664
914,fungi,insect,-0.5359237194061279
915,fungi,mushroom,-0.37254369258880615
916,furnish,impress,-0.6768949925899506
917,furnishing,jumper,-0.9225882813334465
918,gallery,journal,-0.8322836309671402
919,gamble,pyramid,-0.8786166161298752
920,game,playoff,-0.5991615951061249
921,garage,kitchen,-0.6180264055728912
922,garage,opener,-0.7432613372802734
923,garbage,lunch,-0.8416293114423752
924,gardens,sink,-0.9108729809522629
925,gardens,tend,-0.8051745593547821
926,gas,neon,-0.7183855175971985
927,gas,sewer,-0.6809130311012268
928,gasoline,town,-0.7999294400215149
929,gauge,meter,-0.632964015007019
930,gem,quartz,-0.635985791683197
931,germany,worst,-0.8819062784314156
932,get,regained,-0.8044790625572205
933,get,start,-0.569606214761734
934,giraffe,mist,-0.8376666158437729
935,giraffe,zebra,-0.3255804777145386
936,giraffe,zoo,-0.42246150970458984
937,girl,sexy,-0.5557750761508942
938,glove,wear,-0.6805654168128967
939,goose,outfit,-0.9401434808969498
940,government,immunity,-0.7445783913135529
941,governor,office,-0.6590194404125214
942,graduate,graduate,-0.0
943,grape,wine,-0.4053257703781128
944,graphic,roof,-0.9155245795845985
945,grass,ski,-0.8489389419555664
946,grass,skull,-0.8519114702939987
947,grass,stop,-0.9157299920916557
948,grave,memorial,-0.5515760481357574
949,grave,santa,-0.9234078601002693
950,grave,shore,-0.7630862295627594
951,graveyard,ruin,-0.7577126920223236
952,gray,property,-0.9462580867111683
953,greater,greater,-0.0
954,greater,large,-0.6863738298416138
955,green,number,-0.8860308676958084
956,green,yellow,-0.31257760524749756
957,greeting,receptions,-0.754097118973732
958,grey,pink,-0.4422084093093872
959,grey,rusty,-0.6400657594203949
960,grey,white,-0.3722708821296692
961,guardian,livestock,-0.8421218246221542
962,gulf,ms,-0.8704798966646194
963,gun,picture,-0.8132291436195374
964,guy,idea,-0.7451409101486206
965,guy,kid,-0.5328392684459686
966,guy,kiss,-0.756938710808754
967,guy,people,-0.6305243670940399
968,guy,poodle,-0.7412327826023102
969,guy,sitting,-0.7512376457452774
970,guy,smile,-0.7777891457080841
971,guy,stand,-0.8284452706575394
972,guy,tear,-0.8792837560176849
973,hail,judge,-0.8605835139751434
974,hair,redhead,-0.6011354625225067
975,hair,stencil,-0.8651112616062164
976,hair,wig,-0.33785730600357056
977,hand,left,-0.7111808359622955
978,handle,shop,-0.8717578947544098
979,handle,terrier,-0.8842141255736351
980,hanging,smile,-0.8760376796126366
981,happy,licking,-0.854119598865509
982,happy,mom,-0.7782942652702332
983,happy,post,-0.8353464156389236
984,happy,sleep,-0.8163572996854782
985,happy,stand,-0.9324979111552238
986,happy,stop,-0.8490894138813019
987,happy,time,-0.7854541689157486
988,harbor,sea,-0.5639944970607758
989,harbor,sunk,-0.7063044905662537
990,harbour,ship,-0.6084677875041962
991,harbour,shore,-0.5398812294006348
992,hard,zoo,-0.9496241323649883
993,hat,jacket,-0.516708105802536
994,hat,jean,-0.786645233631134
995,hat,peel,-0.8808623030781746
996,hat,role,-0.8400260508060455
997,health,welfare,-0.46997660398483276
998,heart,wing,-0.7814736068248749
999,heater,stove,-0.41726434230804443
1000,heel,stack,-0.8840492144227028
1001,held,nest,-0.9441220611333847
1002,helix,spiral,-0.5311884880065918
1003,highway,road,-0.28625011444091797
1004,hill,horizon,-0.7029415965080261
1005,hill,mountain,-0.3302937150001526
1006,hill,scenery,-0.7101948261260986
1007,history,recital,-0.8463349938392639
1008,hit,tourist,-0.8456128388643265
1009,hockey,ice,-0.48776328563690186
1010,hockey,play,-0.7092864215373993
1011,holiday,travel,-0.6755457818508148
1012,home,smoking,-0.8976380527019501
1013,honest,sincere,-0.3380677103996277
1014,hood,protection,-0.7154050469398499
1015,hope,psychology,-0.9035859107971191
1016,horizon,sky,-0.47893714904785156
1017,horizontal,surface,-0.7209161520004272
1018,hostility,war,-0.6957180202007294
1019,hot,hot,-0.0
1020,hot,sunny,-0.5817418992519379
1021,hotel,kill,-0.9159546047449112
1022,hotel,library,-0.7679869383573532
1023,hotel,oak,-0.868890181183815
1024,house,staircase,-0.6000702977180481
1025,house,windmill,-0.6556937098503113
1026,housing,vault,-0.9183676764369011
1027,hummingbird,rodent,-0.6676429212093353
1028,husky,painting,-0.9236224368214607
1029,image,visualize,-0.7367198467254639
1030,impressive,striking,-0.5353729426860809
1031,industrial,lake,-0.8531437069177628
1032,information,target,-0.8299513757228851
1033,infrastructure,structure,-0.6677418053150177
1034,initial,letter,-0.7828905582427979
1035,injury,wrong,-0.8584082573652267
1036,ink,liquid,-0.6012649536132812
1037,ink,organ,-0.8574671149253845
1038,insect,lizard,-0.49148499965667725
1039,installation,zoo,-0.9108427688479424
1040,instruction,lesson,-0.5755526423454285
1041,interest,lien,-0.738020271062851
1042,interior,object,-0.7723033875226974
1043,interior,paint,-0.6524003744125366
1044,interior,roof,-0.6859846711158752
1045,interior,staircase,-0.7005436718463898
1046,interior,tall,-0.8855538815259933
1047,interpretation,twist,-0.6751239597797394
1048,intrigue,romance,-0.505860447883606
1049,inventory,listing,-0.6234086155891418
1050,invite,requests,-0.7418703734874725
1051,ipod,rope,-0.8826868608593941
1052,iron,robust,-0.84466852247715
1053,israel,israeli,-0.23530393838882446
1054,israel,terror,-0.7040642499923706
1055,issue,up,-0.9045294374227524
1056,ivy,oak,-0.5680156946182251
1057,jaguar,storm,-0.9229436740279198
1058,jamaica,queens,-0.7010248005390167
1059,jazz,play,-0.7449812293052673
1060,jean,shirt,-0.599219560623169
1061,jean,washing,-0.7995142042636871
1062,jellyfish,punk,-0.7706692814826965
1063,jellyfish,texture,-0.7826760113239288
1064,joke,message,-0.7588289678096771
1065,journal,writing,-0.6237564980983734
1066,judgment,sense,-0.6635414063930511
1067,jump,stitch,-0.8095129430294037
1068,jump,uniform,-0.9738230966031551
1069,jury,school,-0.8958549797534943
1070,justice,official,-0.8576192706823349
1071,juvenile,rope,-0.8736732304096222
1072,key,misty,-0.9192120805382729
1073,key,motor,-0.8755217045545578
1074,keyboard,soldier,-0.8664100915193558
1075,kidnapped,shanghai,-0.8495902717113495
1076,kill,sacrifice,-0.6982355713844299
1077,kill,shot,-0.6203391849994659
1078,kind,soft,-0.6904858350753784
1079,kiss,rusty,-0.9445360712707043
1080,kitchen,sleep,-0.792222797870636
1081,kitchen,stair,-0.6770475506782532
1082,kitchen,washing,-0.6474498808383942
1083,kitten,kitty,-0.21576470136642456
1084,knock,tap,-0.6836816370487213
1085,lad,wizard,-0.7016134858131409
1086,lady,sexy,-0.6268492937088013
1087,lake,scenery,-0.6756216287612915
1088,lake,town,-0.6363494098186493
1089,lamb,lantern,-0.7876203656196594
1090,lamb,number,-0.9106992408633232
1091,lamb,snow,-0.7825829833745956
1092,landscape,mountain,-0.6652474105358124
1093,landscape,stadium,-0.8185819983482361
1094,lantern,oak,-0.7397947609424591
1095,lapse,suspension,-0.7698885649442673
1096,last,last,-0.0
1097,last,senior,-0.7702603489160538
1098,laundering,machine,-0.7406019270420074
1099,law,mosaic,-0.892162874341011
1100,lawn,sleep,-0.8353729248046875
1101,layer,region,-0.7652386575937271
1102,leaf,nature,-0.7735724449157715
1103,lean,rest,-0.7824560105800629
1104,leap,second,-0.7964603453874588
1105,learned,learned,-0.0
1106,leather,pouch,-0.5845551490783691
1107,leather,sunshine,-0.8543074876070023
1108,leave,pass,-0.6888797581195831
1109,left,morning,-0.804617628455162
1110,left,walk,-0.7893250584602356
1111,lego,rodent,-0.8501215875148773
1112,lever,machine,-0.6516690254211426
1113,lever,open,-0.8124981820583344
1114,licking,marble,-0.7607787400484085
1115,licking,pier,-0.9245385602116585
1116,licking,puppy,-0.6817818880081177
1117,licking,rusty,-0.7828450202941895
1118,licking,sitting,-0.6860284209251404
1119,lie,line,-0.7962214797735214
1120,lie,sun,-0.7909159064292908
1121,light,shadow,-0.5904242396354675
1122,light,sleep,-0.7991548627614975
1123,light,sunlight,-0.47870421409606934
1124,lighthouse,wall,-0.7316482067108154
1125,lighting,man,-0.8839926198124886
1126,lighting,stone,-0.8652894049882889
1127,lily,plant,-0.694536030292511
1128,lily,purple,-0.6492225825786591
1129,lily,tulip,-0.5314250290393829
1130,limb,limb,-0.0
1131,line,street,-0.7052680253982544
1132,lion,square,-0.7659108489751816
1133,list,position,-0.8724184632301331
1134,list,post,-0.7317166924476624
1135,list,shopping,-0.774643287062645
1136,listing,organization,-0.8180270791053772
1137,live,stitch,-0.8866835907101631
1138,location,space,-0.7090342342853546
1139,lock,mannequin,-0.903353177011013
1140,looking,sightseeing,-0.8299011141061783
1141,loss,reducing,-0.7051919996738434
1142,love,romance,-0.5607129335403442
1143,lower,sustain,-0.7583716958761215
1144,lunch,morning,-0.5519541800022125
1145,lunch,sunny,-0.7604251652956009
1146,machine,pond,-0.8883087486028671
1147,machine,sketch,-0.9074699655175209
1148,machine,washing,-0.6320588886737823
1149,magnitude,size,-0.5946835875511169
1150,magnolia,maple,-0.5807979106903076
1151,maker,manufacturer,-0.39717531204223633
1152,makeup,people,-0.864676371216774
1153,male,man,-0.5875910520553589
1154,manufacture,up,-0.9121885672211647
1155,map,sewing,-0.9575459696352482
1156,map,video,-0.8338224440813065
1157,maple,oak,-0.3856312036514282
1158,marble,postcard,-0.8355640172958374
1159,marble,sing,-0.9026286900043488
1160,market,shop,-0.6863554418087006
1161,market,sweeten,-0.8826123178005219
1162,mars,water,-0.8386966437101364
1163,mask,roof,-0.8954500257968903
1164,match,matchstick,-0.7654741555452347
1165,match,play,-0.6858338415622711
1166,matter,text,-0.8675143122673035
1167,mayor,villa,-0.8595841974020004
1168,meal,rice,-0.5886079967021942
1169,means,tool,-0.7108680009841919
1170,measure,twist,-0.8621113449335098
1171,meat,moon,-0.8445404022932053
1172,meat,potato,-0.6000691950321198
1173,meat,soup,-0.6126228272914886
1174,medium,organization,-0.8849313706159592
1175,melody,music,-0.48104894161224365
1176,memorial,rope,-0.8888568580150604
1177,memory,operation,-0.8218865990638733
1178,metro,rail,-0.6261248290538788
1179,metro,train,-0.6107372939586639
1180,military,reflection,-0.9874958088621497
1181,military,wasp,-0.8418110907077789
1182,mill,wild,-0.8514864444732666
1183,mill,windmill,-0.6354701519012451
1184,miniature,paint,-0.7667349874973297
1185,miniature,painting,-0.6591013669967651
1186,minister,work,-0.8738198280334473
1187,mirror,raspberry,-0.8745841383934021
1188,mist,sky,-0.5869503915309906
1189,mist,sunny,-0.7405133843421936
1190,misty,sky,-0.5986517667770386
1191,misty,snow,-0.6887542903423309
1192,misty,sunny,-0.516459733247757
1193,misty,sunrise,-0.5689127147197723
1194,misty,sunshine,-0.612228125333786
1195,model,toe,-0.8831853121519089
1196,mole,spy,-0.605824887752533
1197,moment,thief,-0.850706160068512
1198,money,pile,-0.7776186466217041
1199,money,quota,-0.836532860994339
1200,monster,rock,-0.7587190568447113
1201,month,year,-0.3015183210372925
1202,moon,mushroom,-0.7455724775791168
1203,morning,sunrise,-0.43719249963760376
1204,morning,sunshine,-0.6525523066520691
1205,mortal,mother,-0.7735179960727692
1206,moss,plant,-0.6681610643863678
1207,mother,mother,-0.0
1208,mother,mother-in-law,-0.4089144468307495
1209,mother,pregnant,-0.512913703918457
1210,mother,yeast,-0.8131023049354553
1211,motion,step,-0.7998579293489456
1212,motto,volunteer,-0.8100305944681168
1213,mouth,tongue,-0.40171748399734497
1214,move,shifting,-0.5714750587940216
1215,move,spread,-0.7132133841514587
1216,move,swell,-0.8006989508867264
1217,mozart,wagner,-0.5515558421611786
1218,museum,swim,-0.830123245716095
1219,music,musician,-0.4244305491447449
1220,music,print,-0.8755783662199974
1221,music,track,-0.7350947260856628
1222,musical,solo,-0.6567158401012421
1223,nail,rusty,-0.7817918360233307
1224,nation,spanish,-0.8857662230730057
1225,native,rhodes,-0.9923279145732522
1226,necklace,snow,-0.872418612241745
1227,nest,wasp,-0.493496298789978
1228,noodle,pigeon,-0.7828225940465927
1229,novel,story,-0.5342083275318146
1230,nude,painting,-0.6477613747119904
1231,nurse,nurse,-0.0
1232,nut,sunflower,-0.7105681300163269
1233,observation,radio,-0.8064500987529755
1234,observe,violating,-0.7531934231519699
1235,obvious,plain,-0.5900476276874542
1236,obvious,room,-0.8879112377762794
1237,occasion,second,-0.7962150275707245
1238,occupation,place,-0.8046984523534775
1239,ocean,pacific,-0.5000121295452118
1240,ocean,underwater,-0.5215510427951813
1241,ocean,water,-0.5059342086315155
1242,old,race,-0.916430726647377
1243,old,seat,-0.8536779433488846
1244,operation,operation,-0.0
1245,opinion,sentiment,-0.6295686662197113
1246,orange,peel,-0.5766139328479767
1247,orange,raspberry,-0.539558470249176
1248,orange,shop,-0.8516324907541275
1249,origami,stadium,-0.8995432183146477
1250,origin,root,-0.6977370083332062
1251,out,sent,-0.7390160858631134
1252,outdoor,pool,-0.6722460687160492
1253,outdoor,swimming,-0.6689644753932953
1254,outfit,sign,-0.9740461092442274
1255,outfit,sock,-0.7508751302957535
1256,overflow,sewer,-0.7142054736614227
1257,pain,suffering,-0.34572845697402954
1258,paint,picture,-0.6115574240684509
1259,paint,portrait,-0.6180907189846039
1260,painting,sculpture,-0.44270390272140503
1261,palace,ruin,-0.7553313672542572
1262,panorama,scenery,-0.5594670474529266
1263,panorama,view,-0.47460633516311646
1264,panorama,zoo,-0.816470667719841
1265,paper,railway,-0.8027630150318146
1266,paper,vine,-0.9165703132748604
1267,papers,security,-0.8790355995297432
1268,park,parking,-0.4492058753967285
1269,part,relation,-0.7870824784040451
1270,party,seat,-0.7819090187549591
1271,pass,ticket,-0.6997379660606384
1272,pass,topping,-0.9138721525669098
1273,passage,quotation,-0.6027060151100159
1274,passing,passing,-0.0
1275,path,star,-0.818629652261734
1276,patio,sleep,-0.8211556077003479
1277,patio,stair,-0.653313159942627
1278,patio,staircase,-0.6631225347518921
1279,patio,woman,-0.860338419675827
1280,pavilion,terrace,-0.6495506465435028
1281,paw,theatre,-0.9147418886423111
1282,peel,skin,-0.5221152901649475
1283,pennsylvania,writer,-0.9347897246479988
1284,people,wounded,-0.7674690335988998
1285,pepper,potato,-0.6582351922988892
1286,pepper,tomato,-0.48715561628341675
1287,person,tiger,-0.8496273010969162
1288,personnel,police,-0.6115230023860931
1289,persuasion,weapon,-0.7577969431877136
1290,petal,shade,-0.7352319955825806
1291,photo,photography,-0.49367254972457886
1292,photograph,still,-0.8819957077503204
1293,photographer,portrait,-0.5292130410671234
1294,photographer,wedding,-0.5827159285545349
1295,piano,wolf,-0.8743717968463898
1296,pigeon,round,-0.8901586160063744
1297,pillow,stone,-0.7430419027805328
1298,pink,skirt,-0.644704282283783
1299,pink,white,-0.42541050910949707
1300,place,place,-0.0
1301,place,siphon,-0.8594457060098648
1302,plain,report,-0.9686388969421387
1303,plant,seed,-0.5164368450641632
1304,plant,skate,-0.9194505214691162
1305,play,rail,-0.9612854681909084
1306,play,sign,-0.8623386025428772
1307,play,thousand,-1.0101781319826841
1308,player,slave,-0.8766538724303246
1309,pledge,promise,-0.4721413850784302
1310,plot,strategy,-0.7611251622438431
1311,point,second,-0.6894894242286682
1312,point,spot,-0.7123534977436066
1313,point,tennis,-0.8965223655104637
1314,point,trouble,-0.7465257048606873
1315,poll,poll,-0.0
1316,pond,water,-0.5344714820384979
1317,poodle,puppy,-0.3856475353240967
1318,poodle,terrier,-0.3121185898780823
1319,pool,relax,-0.7029515504837036
1320,porch,roof,-0.5624034106731415
1321,porch,scooter,-0.7967116832733154
1322,porch,staircase,-0.5919222235679626
1323,portrait,underground,-0.9828808158636093
1324,potato,rice,-0.4995073080062866
1325,president,president,-0.0
1326,price,price,-0.0
1327,principle,principle,-0.0
1328,privilege,rich,-0.7120448052883148
1329,production,production,-0.0
1330,profiling,racism,-0.6944451332092285
1331,protection,roof,-0.7922127842903137
1332,protest,tile,-0.9694844875484705
1333,publish,show,-0.812614232301712
1334,pug,puppy,-0.41763240098953247
1335,punk,vinyl,-0.6716860830783844
1336,puppy,skyline,-0.9719007760286331
1337,purple,violet,-0.2757125496864319
1338,pyramid,speculation,-0.9148374274373055
1339,quality,romance,-0.8829526305198669
1340,queen,queen,-0.0
1341,race,racing,-0.36108291149139404
1342,race,square,-0.9318763017654419
1343,radical,role,-0.8529258966445923
1344,rail,train,-0.4989757537841797
1345,railroad,underground,-0.6950732171535492
1346,railway,station,-0.4972781538963318
1347,rain,wet,-0.465140700340271
1348,raise,shoulders,-0.8705686926841736
1349,raising,upbringing,-0.7657806128263474
1350,raspberry,sweet,-0.6570717990398407
1351,read,reading,-0.2945784330368042
1352,rebel,soldier,-0.6383322775363922
1353,rebel,young,-0.7045562565326691
1354,recognize,succeed,-0.6911979019641876
1355,record,score,-0.7310108840465546
1356,record,write,-0.7517954558134079
1357,red,shade,-0.6329645216464996
1358,red,stripe,-0.5589770078659058
1359,redhead,rusty,-0.7560954689979553
1360,relax,sitting,-0.6945167481899261
1361,relief,total,-0.8147309124469757
1362,religion,remedy,-0.8948254585266113
1363,religion,trinity,-0.6937471032142639
1364,report,study,-0.5965722799301147
1365,reptile,vacation,-0.8994520455598831
1366,reservation,reservation,-0.0
1367,resistance,resistance,-0.0
1368,reverse,reverse,-0.0
1369,rice,yellow,-0.7228738367557526
1370,ripple,shadow,-0.717225581407547
1371,ripple,wave,-0.5262266993522644
1372,river,valley,-0.46095240116119385
1373,river,waterfall,-0.5037932097911835
1374,robbery,rolling,-0.8803344592452049
1375,rod,rod,-0.0
1376,role,title,-0.7686999589204788
1377,rolling,sound,-0.8083279132843018
1378,room,sitting,-0.6753296554088593
1379,root,stem,-0.5829982757568359
1380,rope,shore,-0.6958777010440826
1381,rose,rose,-0.0
1382,round,shape,-0.6641984581947327
1383,row,terrace,-0.7831236571073532
1384,rub,wipe,-0.5346683859825134
1385,ruin,stone,-0.7886395752429962
1386,ruin,town,-0.77953040599823
1387,running,sprint,-0.6144361793994904
1388,rusty,shade,-0.7958072274923325
1389,rusty,stand,-0.8868401721119881
1390,saddle,soap,-0.8359948992729187
1391,sail,sheet,-0.7544908970594406
1392,sailing,sunk,-0.6807786524295807
1393,sake,shade,-0.865166425704956
1394,satellite,solar,-0.6117035150527954
1395,scenery,trail,-0.7436234354972839
1396,school,welsh,-0.8444753736257553
1397,sea,shore,-0.37553870677948
1398,sea,submarine,-0.5113444328308105
1399,sea,water,-0.5343402624130249
1400,season,winter,-0.42864787578582764
1401,seize,take,-0.5427173376083374
1402,series,string,-0.7216750681400299
1403,sex,sex,-0.0
1404,sexy,smile,-0.7214774191379547
1405,shade,tree,-0.6157329082489014
1406,shade,whale,-0.9136740118265152
1407,shadow,sunlight,-0.6621652245521545
1408,shape,square,-0.6486009657382965
1409,sheet,sheet,-0.0
1410,shining,work,-0.8314484804868698
1411,ship,spouse,-0.9253173172473907
1412,shirt,tiger,-0.7247881889343262
1413,shopping,store,-0.5555197894573212
1414,shore,swim,-0.545152097940445
1415,shore,town,-0.7071549296379089
1416,shore,valley,-0.7939117252826691
1417,short,trading,-0.8081531226634979
1418,sight,vision,-0.590682178735733
1419,sign,sign,-0.0
1420,silence,still,-0.8816968649625778
1421,single,sole,-0.6220358312129974
1422,sitting,sleep,-0.8097698241472244
1423,situation,things,-0.6642763018608093
1424,skate,vehicle,-0.9258121699094772
1425,skating,sticker,-0.8558782190084457
1426,skin,skin,-0.0
1427,sky,sunlight,-0.5896294116973877
1428,skyline,view,-0.6222119331359863
1429,slash,stroke,-0.7659187912940979
1430,slave,worker,-0.7151727676391602
1431,sleeping,waking,-0.318668007850647
1432,small,valley,-0.8070177137851715
1433,small,village,-0.7143242657184601
1434,smile,time,-0.8264207690954208
1435,smile,view,-0.90859005600214
1436,smile,walk,-0.7488926947116852
1437,smoking,sunny,-0.8535451591014862
1438,snap,touch,-0.7056720852851868
1439,sock,stocking,-0.6267867982387543
1440,solstice,summer,-0.6145235896110535
1441,song,vocal,-0.6068761646747589
1442,speech,word,-0.6827781498432159
1443,spin,sweat,-0.9024671837687492
1444,spiral,staircase,-0.5641882717609406
1445,spread,spread,-0.0
1446,square,town,-0.6667295396327972
1447,stamp,weave,-0.9710482377558947
1448,stand,tear,-0.826543003320694
1449,stand,walk,-0.5591110289096832
1450,star,star,-0.0
1451,star,storm,-0.8420857340097427
1452,steel,wing,-0.831135556101799
1453,step,travel,-0.9181359484791756
1454,step,walk,-0.604567289352417
1455,step,wind,-0.8904470950365067
1456,sticker,track,-0.8236370235681534
1457,stock,stock,-0.0
1458,storm,thunderstorm,-0.3772316575050354
1459,straight,stretch,-0.701350748538971
1460,strains,trouble,-0.8334480971097946
1461,stream,waterfall,-0.6162275671958923
1462,stripe,train,-0.8957890272140503
1463,stripe,violet,-0.644538402557373
1464,subway,underground,-0.5570567846298218
1465,subway,valentine,-0.7668063938617706
1466,sun,sun,-0.0
1467,sun,sunburst,-0.6352032423019409
1468,sun,sunlight,-0.2857208251953125
1469,sun,sunshine,-0.29679012298583984
1470,sunlight,thriller,-0.9508973583579063
1471,sunny,weather,-0.48443281650543213
1472,sunny,wet,-0.6076131165027618
1473,sunshine,weather,-0.548454761505127
1474,support,trace,-0.854199543595314
1475,surface,territory,-0.8224660009145737
1476,surfer,wave,-0.5758139193058014
1477,tall,wool,-0.8659726828336716
1478,tenure,term,-0.6063802242279053
1479,thing,thing,-0.0
1480,ticket,writing,-0.8798263967037201
1481,tops,tops,-0.0
1482,touch,upset,-0.8355377614498138
1483,tour,travel,-0.6908937394618988
1484,traffic,traffic,-0.0
1485,train,train,-0.0
1486,travel,travel,-0.0
1487,travel,wandering,-0.7245535254478455
1488,tunnel,underground,-0.5492262840270996
1489,type,write,-0.7644687443971634
1490,valley,village,-0.5195499062538147
1491,van,vine,-0.8875295743346214
1492,violet,white,-0.560679018497467
1493,violet,yellow,-0.40633291006088257
1494,washer,worker,-0.845268115401268
1495,water,water,-0.0
1496,ways,ways,-0.0
1497,weather,winter,-0.517679750919342
1498,wednesday,weekday,-0.6463146805763245
1499,word,word,-0.0
